learner_rate,train_wall_time,train_wall_time_per_batch,train_loss,val_clean_map,val_clean_map_50,val_clean_map_75,val_clean_map_small,val_clean_map_medium,val_clean_map_large,val_clean_mar_1,val_clean_mar_10,val_clean_mar_100,val_clean_mar_small,val_clean_mar_medium,val_clean_mar_large,val_clean_map_per_class,val_clean_mar_100_per_class,val_clean_wall_time,val_clean_wall_time_per_batch,val_clean_loss,val_loss,test_clean_map,test_clean_map_50,test_clean_map_75,test_clean_map_small,test_clean_map_medium,test_clean_map_large,test_clean_mar_1,test_clean_mar_10,test_clean_mar_100,test_clean_mar_small,test_clean_mar_medium,test_clean_mar_large,test_clean_map_per_class,test_clean_mar_100_per_class,test_clean_wall_time,test_clean_wall_time_per_batch,test_clean_loss
1e-05,343.0413513183594,0.3430413513183594,6.608641351103783,0.6493503451347351,0.9886777400970459,0.7766984701156616,0.7347257733345032,0.62227863073349,0.5781782865524292,0.6819075345993042,0.7213414311408997,0.7213414311408997,0.8009106516838074,0.7020238637924194,0.7335548400878906,"[0.6792504787445068, 0.6411066651344299, 0.6584124565124512, 0.6463416814804077, 0.6444112062454224, 0.6560078859329224, 0.6378451585769653, 0.6428468823432922, 0.6806064248085022, 0.6434371471405029, 0.6877883076667786, 0.6110827922821045, 0.6249836683273315, 0.6408607959747314, 0.6749542951583862, 0.6196691393852234]","[0.7393701672554016, 0.7137349843978882, 0.7250000238418579, 0.7235431671142578, 0.7201072573661804, 0.7266666293144226, 0.7172588109970093, 0.7156097888946533, 0.7388297319412231, 0.7155172228813171, 0.7455470561981201, 0.6974747776985168, 0.7032338380813599, 0.7164974212646484, 0.7482573390007019, 0.6948148012161255]",637.8787803649902,6.378787803649902,1.8916185915470123,1.8916185915470123,,,,,,,,,,,,,,,,,
1e-05,348.157630443573,0.348157630443573,1.763265004515648,0.7459650039672852,0.9949227571487427,0.9397758841514587,0.7823379039764404,0.7244750261306763,0.7400412559509277,0.7550033330917358,0.7973865270614624,0.7973865270614624,0.843268871307373,0.7864617705345154,0.8089008331298828,"[0.7624582052230835, 0.7437178492546082, 0.7451701760292053, 0.7530378699302673, 0.7399261593818665, 0.7429084181785583, 0.7483087778091431, 0.7480111122131348, 0.766714870929718, 0.7380037903785706, 0.773276686668396, 0.7197182178497314, 0.7326660752296448, 0.7399840354919434, 0.755031406879425, 0.7265062928199768]","[0.804724395275116, 0.7934939861297607, 0.7947059273719788, 0.8083915710449219, 0.7983914613723755, 0.7994666695594788, 0.7967005372047424, 0.7980487942695618, 0.8095744848251343, 0.7923645377159119, 0.8129770159721375, 0.778030276298523, 0.7840796113014221, 0.796446681022644, 0.811528205871582, 0.7792592644691467]",489.75343918800354,4.897534391880035,1.1569488388299942,1.1569488388299942,,,,,,,,,,,,,,,,,
1e-05,348.2831382751465,0.3482831382751465,1.2234663771390915,0.7889481782913208,0.9967238903045654,0.9741190075874329,0.8064774870872498,0.7725445628166199,0.712272047996521,0.7881523370742798,0.831830620765686,0.831830620765686,0.8625668287277222,0.8250821232795715,0.8126239776611328,"[0.8062770962715149, 0.7868175506591797, 0.7869275212287903, 0.7957579493522644, 0.7919847965240479, 0.7874165177345276, 0.7817166447639465, 0.79262375831604, 0.8120102882385254, 0.7801985144615173, 0.8022238612174988, 0.7693765163421631, 0.7708644866943359, 0.7850568890571594, 0.7883031368255615, 0.7856153845787048]","[0.8422572016716003, 0.8286746740341187, 0.8255882263183594, 0.8426572680473328, 0.8388740420341492, 0.8322666883468628, 0.8296953439712524, 0.8300000429153442, 0.844680905342102, 0.8246305584907532, 0.839694619178772, 0.8159090876579285, 0.8189054727554321, 0.8302030563354492, 0.838337779045105, 0.8269136548042297]",453.84797406196594,4.5384797406196595,0.9039910072088242,0.9039910072088242,,,,,,,,,,,,,,,,,
1e-05,346.8812837600708,0.3468812837600708,0.9880689569711685,0.8146243691444397,0.99803227186203,0.9843464493751526,0.8264092803001404,0.7990189790725708,0.7805877327919006,0.8080844879150391,0.8529208898544312,0.8529208898544312,0.8794377446174622,0.8470609784126282,0.8402436971664429,"[0.8273001313209534, 0.8119366765022278, 0.8096063733100891, 0.8274203538894653, 0.8160029053688049, 0.8134386539459229, 0.8048455715179443, 0.8078248500823975, 0.8450097441673279, 0.8071745038032532, 0.8358743786811829, 0.7905107736587524, 0.7992412447929382, 0.8076947927474976, 0.8218209743499756, 0.8082888126373291]","[0.8598424792289734, 0.8445783853530884, 0.8461764454841614, 0.8641025424003601, 0.8544235229492188, 0.853600025177002, 0.8487308621406555, 0.8470731973648071, 0.8726063966751099, 0.8475369215011597, 0.8692113161087036, 0.8388888239860535, 0.8415423631668091, 0.8494924306869507, 0.8630026578903198, 0.8459259867668152]",436.22897839546204,4.36228978395462,0.7635542070865631,0.7635542070865631,,,,,,,,,,,,,,,,,
1e-05,343.8560390472412,0.3438560390472412,0.8418736329078674,0.8319780826568604,0.9982725977897644,0.9868584871292114,0.8275172114372253,0.8229207992553711,0.7909659147262573,0.8228338360786438,0.86860191822052,0.86860191822052,0.8842632174491882,0.8653653860092163,0.8578599691390991,"[0.846305787563324, 0.8312949538230896, 0.819647490978241, 0.8392757773399353, 0.8334603309631348, 0.8273785710334778, 0.8236948251724243, 0.8313602209091187, 0.851443350315094, 0.8226097822189331, 0.8477124571800232, 0.8234006762504578, 0.8246633410453796, 0.8299024701118469, 0.8349225521087646, 0.8245766758918762]","[0.8779527544975281, 0.8633735775947571, 0.8570588827133179, 0.874592125415802, 0.8750670552253723, 0.8693333864212036, 0.8639593124389648, 0.8658536672592163, 0.8792554140090942, 0.8593595623970032, 0.8839694857597351, 0.8643938899040222, 0.8619402647018433, 0.8680203557014465, 0.8739947080612183, 0.8595062494277954]",428.1366755962372,4.281366755962372,0.6644341868162155,0.6644341868162155,,,,,,,,,,,,,,,,,
1e-05,346.93629908561707,0.3469362990856171,0.744436432659626,0.8445045948028564,0.9985436201095581,0.9881795644760132,0.8507575988769531,0.8321095705032349,0.8010262846946716,0.8324655294418335,0.8789407014846802,0.8789407014846802,0.8957293629646301,0.8752166032791138,0.8725330233573914,"[0.861351728439331, 0.8401457071304321, 0.8407077193260193, 0.8600572347640991, 0.8478734493255615, 0.8435074687004089, 0.8399744033813477, 0.8353720307350159, 0.8678991198539734, 0.834855318069458, 0.8534716963768005, 0.8295489549636841, 0.8304018974304199, 0.8389775156974792, 0.8516680002212524, 0.836262583732605]","[0.8913386464118958, 0.8718072175979614, 0.8744117617607117, 0.8941725492477417, 0.8828418850898743, 0.8824000358581543, 0.8776648640632629, 0.8709756135940552, 0.8957446217536926, 0.871921181678772, 0.885241687297821, 0.8654040098190308, 0.8679103851318359, 0.875634491443634, 0.8847185373306274, 0.87086421251297]",420.7931983470917,4.207931983470917,0.5963598656654358,0.5963598656654358,,,,,,,,,,,,,,,,,
1e-05,347.03772950172424,0.34703772950172423,0.6663341785669327,0.8553635478019714,0.9986222982406616,0.9901659488677979,0.8544076085090637,0.8464108109474182,0.8429502248764038,0.8411933779716492,0.888543963432312,0.888543963432312,0.9012497663497925,0.885452151298523,0.9030477404594421,"[0.8711593151092529, 0.8498538136482239, 0.8497508764266968, 0.8737755417823792, 0.8513332605361938, 0.8540599346160889, 0.8493654131889343, 0.8460825085639954, 0.8765552639961243, 0.8514434099197388, 0.8695242404937744, 0.839960515499115, 0.8452619314193726, 0.8478763103485107, 0.8595629930496216, 0.8502517342567444]","[0.8992125391960144, 0.8812047839164734, 0.8820587992668152, 0.904895007610321, 0.8890080451965332, 0.8925334215164185, 0.8837563395500183, 0.8797560930252075, 0.9061170816421509, 0.8830049633979797, 0.9007633924484253, 0.876767635345459, 0.8808457255363464, 0.8822334408760071, 0.8903485536575317, 0.8841975331306458]",417.9156551361084,4.179156551361084,0.5450297978520393,0.5450297978520393,,,,,,,,,,,,,,,,,
1e-05,347.59970903396606,0.3475997090339661,0.6069167620539665,0.8652307987213135,0.9987046718597412,0.9922058582305908,0.8686894774436951,0.8540433049201965,0.8377633690834045,0.848838210105896,0.8968244791030884,0.8968244791030884,0.9034526944160461,0.8953183889389038,0.8965420722961426,"[0.8840430378913879, 0.856723964214325, 0.8595452904701233, 0.8794601559638977, 0.8696848750114441, 0.869533896446228, 0.8605140447616577, 0.8645773530006409, 0.876846969127655, 0.8516436815261841, 0.874872624874115, 0.8531644344329834, 0.8535202741622925, 0.8653859496116638, 0.870014488697052, 0.8541620969772339]","[0.9089239239692688, 0.8896385431289673, 0.8885294198989868, 0.9118881225585938, 0.9040215611457825, 0.902400016784668, 0.8908628225326538, 0.892926812171936, 0.9055851101875305, 0.885960578918457, 0.9066158533096313, 0.8835857510566711, 0.8895522356033325, 0.89593905210495, 0.9021447896957397, 0.8906172513961792]",415.47350025177,4.1547350025177,0.5012883540987968,0.5012883540987968,,,,,,,,,,,,,,,,,
1e-05,348.744588136673,0.348744588136673,0.5610549989044666,0.8682711720466614,0.9987165927886963,0.9942880272865295,0.8716724514961243,0.860476553440094,0.8239417672157288,0.8509570956230164,0.8992633819580078,0.8992633819580078,0.9072216153144836,0.897692859172821,0.8846677541732788,"[0.8887538313865662, 0.864170253276825, 0.8622487187385559, 0.8826935887336731, 0.8758140802383423, 0.8708863854408264, 0.859607458114624, 0.8588579297065735, 0.8837628960609436, 0.8588826656341553, 0.8798075318336487, 0.853722095489502, 0.8546754717826843, 0.8663507699966431, 0.8706496953964233, 0.861455500125885]","[0.9136483073234558, 0.8959035873413086, 0.8905882835388184, 0.9111889004707336, 0.9099196195602417, 0.8991999626159668, 0.8918781280517578, 0.8917073011398315, 0.9127659797668457, 0.890886664390564, 0.9106870889663696, 0.8883837461471558, 0.8888059854507446, 0.8974618911743164, 0.9016085863113403, 0.8935802578926086]",409.9585292339325,4.099585292339325,0.47448977023363115,0.47448977023363115,,,,,,,,,,,,,,,,,
1e-05,347.82553720474243,0.3478255372047424,0.5256074099540711,0.8755810260772705,0.9987363219261169,0.9949003458023071,0.8764186501502991,0.8664987683296204,0.8598050475120544,0.857434093952179,0.9058691263198853,0.9058691263198853,0.9089080691337585,0.9055326581001282,0.9047025442123413,"[0.886831521987915, 0.8684390783309937, 0.8681274056434631, 0.8849843740463257, 0.8687288165092468, 0.8851821422576904, 0.8724861145019531, 0.8650388121604919, 0.8875119686126709, 0.8660780191421509, 0.8950470685958862, 0.8659082055091858, 0.8639672994613647, 0.8797085285186768, 0.8829626441001892, 0.8682936429977417]","[0.912335991859436, 0.8978313207626343, 0.899117648601532, 0.9135198593139648, 0.903753399848938, 0.9154666662216187, 0.903045654296875, 0.8987805247306824, 0.916223406791687, 0.8975369334220886, 0.9201017618179321, 0.8967171907424927, 0.8975124359130859, 0.909136950969696, 0.9123323559761047, 0.9004939198493958]",410.32829570770264,4.103282957077027,0.4493265959620476,0.4493265959620476,,,,,,,,,,,,,,,,,
1e-05,353.7005138397217,0.3537005138397217,0.4922263107597828,0.8823683857917786,0.9987494349479675,0.9955769181251526,0.8774281144142151,0.8758410811424255,0.8639777898788452,0.862811267375946,0.9118150472640991,0.9118150472640991,0.9149001836776733,0.9113427400588989,0.8980129361152649,"[0.890069305896759, 0.8762110471725464, 0.8737006187438965, 0.8920102715492249, 0.8820697069168091, 0.8885692358016968, 0.8808884620666504, 0.87706059217453, 0.8916873931884766, 0.8736020922660828, 0.8930965662002563, 0.877153754234314, 0.8788308501243591, 0.8801198601722717, 0.8907654881477356, 0.8720598816871643]","[0.9157480001449585, 0.9038554430007935, 0.9014705419540405, 0.9219114184379578, 0.915549635887146, 0.9181333780288696, 0.9088832139968872, 0.9082926511764526, 0.9194148778915405, 0.9049261212348938, 0.9221373796463013, 0.9060605764389038, 0.906467616558075, 0.9119289517402649, 0.919571042060852, 0.9046913385391235]",408.81552624702454,4.088155262470245,0.42400862872600553,0.42400862872600553,,,,,,,,,,,,,,,,,
1e-05,354.19896245002747,0.35419896245002747,0.4654984833598137,0.884655237197876,0.9992967247962952,0.9962590932846069,0.8766201138496399,0.878324568271637,0.8792776465415955,0.8654473423957825,0.9142743945121765,0.9142743945121765,0.9158051609992981,0.9140552282333374,0.9179816246032715,"[0.894625186920166, 0.8766369223594666, 0.8743131160736084, 0.8988693356513977, 0.8781484961509705, 0.892896831035614, 0.8873570561408997, 0.8814288377761841, 0.8971279859542847, 0.8787305355072021, 0.900786280632019, 0.8737122416496277, 0.8756667971611023, 0.8844241499900818, 0.8856011033058167, 0.8741586804389954]","[0.9204724431037903, 0.9043374061584473, 0.9055882692337036, 0.9268065690994263, 0.9126006364822388, 0.9232000112533569, 0.9131978750228882, 0.9126828908920288, 0.9231382608413696, 0.9091132879257202, 0.9277353286743164, 0.9035353660583496, 0.907711386680603, 0.9144669771194458, 0.916890025138855, 0.9069135785102844]",408.9566743373871,4.0895667433738705,0.4114717298746109,0.4114717298746109,,,,,,,,,,,,,,,,,
1e-05,353.2511856555939,0.3532511856555939,0.4439953943192959,0.8895910978317261,0.9993245601654053,0.9956066608428955,0.8828203082084656,0.8823732137680054,0.8894237279891968,0.8692406415939331,0.9185609817504883,0.9185609817504883,0.9170997738838196,0.919345498085022,0.9056230783462524,"[0.9041761159896851, 0.8784036040306091, 0.8833803534507751, 0.8966373205184937, 0.890762448310852, 0.8979907631874084, 0.8974041938781738, 0.8858165144920349, 0.8950803279876709, 0.8772764801979065, 0.9023059606552124, 0.8814560770988464, 0.8786846995353699, 0.8862007856369019, 0.899715006351471, 0.8781678080558777]","[0.9275590777397156, 0.9067469835281372, 0.9132353067398071, 0.9247085452079773, 0.9222519993782043, 0.9271999597549438, 0.9223349690437317, 0.9153658151626587, 0.9231383204460144, 0.9093595743179321, 0.9284987449645996, 0.911111056804657, 0.9094527363777161, 0.9167512655258179, 0.9281500577926636, 0.911111056804657]",407.4836301803589,4.074836301803589,0.39624939531087877,0.39624939531087877,,,,,,,,,,,,,,,,,
1e-05,351.86754274368286,0.35186754274368287,0.4187115125209093,0.8913012146949768,0.9992671012878418,0.9956144094467163,0.8808392286300659,0.8869884610176086,0.8653894662857056,0.8709732294082642,0.920371413230896,0.920371413230896,0.9184961318969727,0.9210191965103149,0.9130052328109741,"[0.9013773798942566, 0.8818256855010986, 0.8792261481285095, 0.9027379155158997, 0.8891049027442932, 0.8942609429359436, 0.8964893221855164, 0.8838396072387695, 0.896931529045105, 0.8859078884124756, 0.9028194546699524, 0.8833261132240295, 0.8836144208908081, 0.8934393525123596, 0.9018362760543823, 0.8840837478637695]","[0.9270340800285339, 0.906747043132782, 0.9108823537826538, 0.928205132484436, 0.9227882623672485, 0.9250666499137878, 0.9225888252258301, 0.9139024615287781, 0.9231382608413696, 0.9162561297416687, 0.9305343627929688, 0.9131313562393188, 0.9164178967475891, 0.9228426814079285, 0.9310992360115051, 0.9153085947036743]",406.87586545944214,4.068758654594421,0.385466488301754,0.385466488301754,,,,,,,,,,,,,,,,,
1e-05,354.86289858818054,0.35486289858818054,0.40400469714403153,0.8962457180023193,0.9987436532974243,0.9956439137458801,0.8831984400749207,0.8922848105430603,0.8646928071975708,0.8749008178710938,0.9246088266372681,0.9246088266372681,0.919732928276062,0.9262111783027649,0.9152795672416687,"[0.9078548550605774, 0.889857292175293, 0.8848692774772644, 0.9080036878585815, 0.8899700045585632, 0.8972597718238831, 0.8950042128562927, 0.8901782631874084, 0.9077281355857849, 0.8877995014190674, 0.9120160341262817, 0.8875156044960022, 0.8940528631210327, 0.8999431729316711, 0.9009914398193359, 0.8868881464004517]","[0.9325459599494934, 0.9156626462936401, 0.9135295152664185, 0.9337995648384094, 0.9235924482345581, 0.9269334077835083, 0.9261420965194702, 0.9202438592910767, 0.9308509826660156, 0.9187191724777222, 0.9376590847969055, 0.9161616563796997, 0.922387957572937, 0.9261420965194702, 0.9310992360115051, 0.918271541595459]",409.9987289905548,4.099987289905548,0.3800670519471169,0.3800670519471169,,,,,,,,,,,,,,,,,
1e-05,352.6863691806793,0.3526863691806793,0.3840534721314907,0.8964371085166931,0.9993314743041992,0.9955509305000305,0.8833004832267761,0.8942774534225464,0.8739768266677856,0.87495356798172,0.9247061610221863,0.9247061610221863,0.9194672703742981,0.9264280200004578,0.9083265066146851,"[0.9103987812995911, 0.8871504068374634, 0.8879735469818115, 0.9078177213668823, 0.8941522836685181, 0.9005837440490723, 0.90165776014328, 0.8886739611625671, 0.907951831817627, 0.8888349533081055, 0.9111850261688232, 0.8907262086868286, 0.8909046649932861, 0.8953174352645874, 0.9026069641113281, 0.8770586848258972]","[0.9335958361625671, 0.9142168164253235, 0.9164706468582153, 0.9342657923698425, 0.926005482673645, 0.9290666580200195, 0.9269035458564758, 0.9202438592910767, 0.9337766766548157, 0.9187191724777222, 0.9379135370254517, 0.9181817770004272, 0.9199005365371704, 0.9243655204772949, 0.9305629730224609, 0.911111056804657]",403.57315731048584,4.035731573104858,0.36905485689640044,0.36905485689640044,,,,,,,,,,,,,,,,,
1e-05,347.71935963630676,0.34771935963630674,0.37395469008386134,0.9004551768302917,0.9993460774421692,0.9961414933204651,0.8881560564041138,0.8964834213256836,0.8770690560340881,0.8782072067260742,0.9280346632003784,0.9280346632003784,0.9202898144721985,0.9301834106445312,0.9150282740592957,"[0.9140648245811462, 0.8946227431297302, 0.8883336186408997, 0.9162977933883667, 0.9011608362197876, 0.9101401567459106, 0.9109549522399902, 0.8914809226989746, 0.9064940810203552, 0.8916655778884888, 0.9103946089744568, 0.8896155953407288, 0.8905941843986511, 0.8963169455528259, 0.9038349986076355, 0.8913099765777588]","[0.9372702836990356, 0.9207229614257812, 0.9170588254928589, 0.9419580698013306, 0.9302949905395508, 0.9370666742324829, 0.9317258596420288, 0.921951174736023, 0.9337765574455261, 0.9206897020339966, 0.938167929649353, 0.9196969866752625, 0.9194029569625854, 0.9263960123062134, 0.9316353797912598, 0.9207407832145691]",404.7124662399292,4.047124662399292,0.361465594470501,0.361465594470501,,,,,,,,,,,,,,,,,
1e-05,347.07005047798157,0.34707005047798156,0.3593152659535408,0.9030684232711792,0.9993529319763184,0.9955555200576782,0.8894794583320618,0.8996056318283081,0.8923704028129578,0.8800331354141235,0.9302080869674683,0.9302080869674683,0.9247215390205383,0.9316720962524414,0.9315986633300781,"[0.9161049127578735, 0.8992045521736145, 0.8966144919395447, 0.9168896675109863, 0.904583215713501, 0.9035670757293701, 0.9106545448303223, 0.8935470581054688, 0.9162079691886902, 0.8918908834457397, 0.914003849029541, 0.8937235474586487, 0.8949532508850098, 0.8958930969238281, 0.9115543961524963, 0.8897022008895874]","[0.9391077160835266, 0.9238554239273071, 0.9229412078857422, 0.9396269917488098, 0.9332440495491028, 0.9306666254997253, 0.9357867240905762, 0.9241463541984558, 0.9404255151748657, 0.9238916635513306, 0.9394402503967285, 0.9209596514701843, 0.9251243472099304, 0.9263960123062134, 0.9367292523384094, 0.9209877252578735]",406.2786102294922,4.062786102294922,0.35517507761716843,0.35517507761716843,,,,,,,,,,,,,,,,,
1e-05,345.4587392807007,0.3454587392807007,0.3446935575157404,0.9025092720985413,0.9993604421615601,0.9960831999778748,0.8905643224716187,0.8988713622093201,0.8862407803535461,0.8804892301559448,0.9303533434867859,0.9303533434867859,0.9247872233390808,0.9317337870597839,0.9246118664741516,"[0.9137195944786072, 0.8975766897201538, 0.886857271194458, 0.9126231670379639, 0.9023516178131104, 0.9042041897773743, 0.9156553149223328, 0.8905887007713318, 0.9152356386184692, 0.8908635973930359, 0.919384241104126, 0.8960970044136047, 0.8945943117141724, 0.8982408046722412, 0.910101592540741, 0.8920556902885437]","[0.9372703433036804, 0.924096405506134, 0.9176471829414368, 0.9405595064163208, 0.9329758882522583, 0.9312000274658203, 0.9395939111709595, 0.9202438592910767, 0.9393616914749146, 0.9211822748184204, 0.9447836875915527, 0.9237373471260071, 0.9248755574226379, 0.9286802411079407, 0.9367291331291199, 0.9227160215377808]",403.94883918762207,4.039488391876221,0.3466361303627491,0.3466361303627491,,,,,,,,,,,,,,,,,
1e-05,343.63782238960266,0.34363782238960267,0.33399495273828506,0.9038198590278625,0.9993670582771301,0.9947998523712158,0.890342116355896,0.9010008573532104,0.896186113357544,0.8815387487411499,0.931432843208313,0.931432843208313,0.9263858795166016,0.9331539273262024,0.9088201522827148,"[0.9133118987083435, 0.8945844769477844, 0.8939703702926636, 0.9149461388587952, 0.899256706237793, 0.9101169109344482, 0.9135876893997192, 0.8932775259017944, 0.9172447323799133, 0.8947986960411072, 0.918106198310852, 0.8919978737831116, 0.896403968334198, 0.9027402997016907, 0.9116703271865845, 0.8951037526130676]","[0.9367454648017883, 0.9228914976119995, 0.9241177439689636, 0.9407925605773926, 0.9294906854629517, 0.935200035572052, 0.9368020296096802, 0.9224389791488647, 0.9406914710998535, 0.9256157875061035, 0.9442747831344604, 0.9199495315551758, 0.9268655776977539, 0.9304569363594055, 0.9396783113479614, 0.9269136190414429]",405.14094376564026,4.051409437656402,0.34362316444516183,0.34362316444516183,,,,,,,,,,,,,,,,,
1e-05,349.4756269454956,0.3494756269454956,0.32355315554142,0.9065157771110535,0.9993672966957092,0.9948177337646484,0.889366090297699,0.9028909206390381,0.9170941114425659,0.883857250213623,0.9341357350349426,0.9341357350349426,0.925923228263855,0.9361478090286255,0.9317466616630554,"[0.9143332242965698, 0.892589807510376, 0.894881546497345, 0.9160347580909729, 0.909674346446991, 0.9096237421035767, 0.9172154664993286, 0.9009963274002075, 0.9167512059211731, 0.8934114575386047, 0.9201552867889404, 0.8997213244438171, 0.9016036987304688, 0.9077843427658081, 0.9143435955047607, 0.8951317071914673]","[0.938845157623291, 0.9195181131362915, 0.9244117736816406, 0.9407925605773926, 0.9415550231933594, 0.9370667338371277, 0.9418781399726868, 0.9292682409286499, 0.938829779624939, 0.926354706287384, 0.9445292353630066, 0.9277776479721069, 0.9303482174873352, 0.9357868432998657, 0.9415550231933594, 0.9276543855667114]",403.99040484428406,4.039904048442841,0.33822715118527413,0.33822715118527413,,,,,,,,,,,,,,,,,
1e-05,345.6793088912964,0.3456793088912964,0.31297533690929413,0.9064381718635559,0.9993656277656555,0.9960737228393555,0.8868666887283325,0.9027141332626343,0.9006224274635315,0.8831159472465515,0.9335454106330872,0.9335454106330872,0.9258928298950195,0.9357757568359375,0.9177963137626648,"[0.9132097959518433, 0.9045687317848206, 0.8919398188591003, 0.912790834903717, 0.9078549742698669, 0.912639856338501, 0.9157827496528625, 0.9015604257583618, 0.916061282157898, 0.8989739418029785, 0.9212061166763306, 0.8992102146148682, 0.8980982899665833, 0.9045389890670776, 0.9117786884307861, 0.8927958607673645]","[0.9377952814102173, 0.9303614497184753, 0.9226471185684204, 0.9379953145980835, 0.9372655153274536, 0.9399999380111694, 0.9398477673530579, 0.9278049468994141, 0.9393616914749146, 0.926354706287384, 0.9468193054199219, 0.9262626767158508, 0.9251243472099304, 0.9312183260917664, 0.9402145147323608, 0.9276543855667114]",404.05498003959656,4.040549800395966,0.33757412165403367,0.33757412165403367,,,,,,,,,,,,,,,,,
1e-05,344.7576711177826,0.3447576711177826,0.3012604783773422,0.906954288482666,0.9993587732315063,0.995438814163208,0.8851080536842346,0.9057981371879578,0.8933196067810059,0.8841423988342285,0.9344766736030579,0.9344766736030579,0.9267290234565735,0.9365701675415039,0.9302380681037903,"[0.9216607213020325, 0.8995093107223511, 0.8954182863235474, 0.9159149527549744, 0.9093384146690369, 0.9124654531478882, 0.9130434989929199, 0.9029167294502258, 0.9163841009140015, 0.8986524343490601, 0.9149775505065918, 0.9001753926277161, 0.9009251594543457, 0.9020944833755493, 0.9166680574417114, 0.89112389087677]","[0.943569540977478, 0.9281927943229675, 0.9261765480041504, 0.9403263330459595, 0.9410188794136047, 0.9384000897407532, 0.9360405802726746, 0.9312194585800171, 0.9401594996452332, 0.9283251762390137, 0.9432570338249207, 0.927020251750946, 0.9296019673347473, 0.9307106733322144, 0.9431635737419128, 0.9244444966316223]",404.84304547309875,4.048430454730988,0.3354631792008877,0.3354631792008877,,,,,,,,,,,,,,,,,
1e-05,347.57055497169495,0.3475705549716949,0.2947589817494154,0.9095755219459534,0.9993654489517212,0.9961573481559753,0.8953728079795837,0.9057113528251648,0.8939534425735474,0.8867771029472351,0.9369937181472778,0.9369937181472778,0.9289783239364624,0.9392014741897583,0.9314435720443726,"[0.9212953448295593, 0.9046815633773804, 0.90582674741745, 0.9213423132896423, 0.912148654460907, 0.9174033403396606, 0.9185950756072998, 0.8975210785865784, 0.9208199977874756, 0.8966339826583862, 0.9179214239120483, 0.9009699821472168, 0.9036300778388977, 0.9031546711921692, 0.9155585765838623, 0.8957046866416931]","[0.9433070421218872, 0.9308433532714844, 0.9332353472709656, 0.9449883699417114, 0.9431635737419128, 0.9418666958808899, 0.9423857927322388, 0.9273170232772827, 0.9460107088088989, 0.9283250570297241, 0.9450381994247437, 0.9297979474067688, 0.9320895075798035, 0.9332486987113953, 0.9426274299621582, 0.9276543855667114]",404.1631238460541,4.041631238460541,0.3303674292564392,0.3303674292564392,,,,,,,,,,,,,,,,,
1e-05,347.3869745731354,0.3473869745731354,0.2847869323939085,0.9127501845359802,0.9993610382080078,0.9949230551719666,0.90047687292099,0.9093390703201294,0.919037401676178,0.8887468576431274,0.9392595291137695,0.9392595291137695,0.9305022954940796,0.9416324496269226,0.9408578872680664,"[0.928751528263092, 0.907202959060669, 0.9100909233093262, 0.9232998490333557, 0.9142753481864929, 0.9194558262825012, 0.9237558245658875, 0.9004946947097778, 0.9254371523857117, 0.9027193784713745, 0.9203479290008545, 0.9045291543006897, 0.9016756415367126, 0.9051375389099121, 0.9225099086761475, 0.8943197727203369]","[0.9485564231872559, 0.9332529902458191, 0.9370588064193726, 0.947552502155304, 0.9434316754341125, 0.9456000328063965, 0.9467005729675293, 0.9295122027397156, 0.9489361047744751, 0.9322660565376282, 0.9445292353630066, 0.9308081865310669, 0.9313432574272156, 0.9332486987113953, 0.9474531412124634, 0.9279012680053711]",405.20293521881104,4.052029352188111,0.3295255799591541,0.3295255799591541,,,,,,,,,,,,,,,,,
1e-05,345.0784707069397,0.3450784707069397,0.2798954210430384,0.9141558408737183,0.9993625283241272,0.99606853723526,0.8952563405036926,0.9119651317596436,0.9164479970932007,0.8895999193191528,0.9402804374694824,0.9402804374694824,0.9303770065307617,0.9429453611373901,0.9348141551017761,"[0.9239117503166199, 0.9120103716850281, 0.9023762345314026, 0.9249285459518433, 0.915840744972229, 0.9179805517196655, 0.9246035814285278, 0.9090867638587952, 0.9220848083496094, 0.9028312563896179, 0.9300978779792786, 0.8998842835426331, 0.9060655832290649, 0.9080941081047058, 0.9232648015022278, 0.9034339785575867]","[0.9461942911148071, 0.9378312826156616, 0.931176483631134, 0.9482517242431641, 0.9463807344436646, 0.9423999786376953, 0.9479695558547974, 0.9358536601066589, 0.9457446336746216, 0.9325122833251953, 0.9519084095954895, 0.927020251750946, 0.9338308572769165, 0.9347715377807617, 0.9490616917610168, 0.9335802793502808]",404.2886919975281,4.042886919975281,0.32377465173602105,0.32377465173602105,,,,,,,,,,,,,,,,,
1e-05,357.09710335731506,0.35709710335731504,0.2723443401902914,0.9139887094497681,0.9993641972541809,0.9974849224090576,0.8890966773033142,0.9123089909553528,0.9166119694709778,0.8898105621337891,0.9403549432754517,0.9403549432754517,0.9292557835578918,0.9432191848754883,0.9360214471817017,"[0.9259489178657532, 0.9125052094459534, 0.9082770347595215, 0.9193015098571777, 0.9121692180633545, 0.9145127534866333, 0.922646701335907, 0.9063249230384827, 0.9309314489364624, 0.9035065770149231, 0.9264518022537231, 0.903104841709137, 0.9023745656013489, 0.9061896204948425, 0.9256830215454102, 0.9038914442062378]","[0.9467191696166992, 0.9366265535354614, 0.9358823895454407, 0.9442890286445618, 0.9436997175216675, 0.9410666227340698, 0.9441624879837036, 0.9319512248039246, 0.9507978558540344, 0.9362069368362427, 0.9511450529098511, 0.931313157081604, 0.9323382377624512, 0.9350253939628601, 0.9501340985298157, 0.9343210458755493]",405.0585548877716,4.0505855488777165,0.3219302497804165,0.3219302497804165,,,,,,,,,,,,,,,,,
1e-05,355.09251642227173,0.35509251642227174,0.2639398204535246,0.9130603075027466,0.9993764162063599,0.9975053668022156,0.8936200737953186,0.9125866889953613,0.9261407852172852,0.8892556428909302,0.9399975538253784,0.9399975538253784,0.9297569394111633,0.9427005648612976,0.9389002919197083,"[0.9310479164123535, 0.9061864018440247, 0.900328516960144, 0.9219008088111877, 0.9148991107940674, 0.9175935983657837, 0.9254651069641113, 0.9044986963272095, 0.920669436454773, 0.9048037528991699, 0.9254820942878723, 0.9068831205368042, 0.903883695602417, 0.9058868288993835, 0.9206647276878357, 0.8987722992897034]","[0.9517061114311218, 0.9342168569564819, 0.9302941560745239, 0.9452215433120728, 0.9458445310592651, 0.9429333806037903, 0.9482232928276062, 0.9319513440132141, 0.9457446336746216, 0.9352216720581055, 0.9498727917671204, 0.9340909123420715, 0.9338308572769165, 0.9350253939628601, 0.946648895740509, 0.929135799407959]",405.84381341934204,4.058438134193421,0.323023574501276,0.323023574501276,,,,,,,,,,,,,,,,,
1e-05,357.14043521881104,0.35714043521881106,0.26134599682688714,0.9166317582130432,0.9993609189987183,0.9968873858451843,0.8964507579803467,0.9149196147918701,0.9379584789276123,0.8921939730644226,0.9429258108139038,0.9429258108139038,0.9297113418579102,0.9463491439819336,0.9517567753791809,"[0.927423894405365, 0.9113187789916992, 0.9067087769508362, 0.9284464120864868, 0.9179121851921082, 0.9191800951957703, 0.9250230193138123, 0.9087751507759094, 0.9279484152793884, 0.9044969081878662, 0.9288994073867798, 0.9039208292961121, 0.9104668498039246, 0.9093101620674133, 0.9269900321960449, 0.9092869162559509]","[0.9485565423965454, 0.9373494386672974, 0.9344118237495422, 0.9510490298271179, 0.9474531412124634, 0.9445333480834961, 0.9477157592773438, 0.935122013092041, 0.9497340321540833, 0.935960590839386, 0.9534351229667664, 0.9333332777023315, 0.9385571479797363, 0.938578724861145, 0.9520107507705688, 0.939012348651886]",406.8830988407135,4.068830988407135,0.3192766708135605,0.3192766708135605,,,,,,,,,,,,,,,,,
1e-05,356.49685645103455,0.35649685645103457,0.2523137780278921,0.9147096276283264,0.9993730783462524,0.9975049495697021,0.8922591805458069,0.9123357534408569,0.9191674590110779,0.8909343481063843,0.9414825439453125,0.9414825439453125,0.9308958053588867,0.9441987872123718,0.9396260380744934,"[0.9330689311027527, 0.9111126065254211, 0.9047549962997437, 0.9208662509918213, 0.9169074892997742, 0.9209586977958679, 0.9204587340354919, 0.9080039858818054, 0.9252762198448181, 0.9020801782608032, 0.9262214303016663, 0.9021708965301514, 0.9041104316711426, 0.9080503582954407, 0.9258185625076294, 0.9054946303367615]","[0.9535433053970337, 0.9375904202461243, 0.9341176748275757, 0.9442890882492065, 0.9445040822029114, 0.9456000328063965, 0.9441624879837036, 0.9360976219177246, 0.9497340321540833, 0.932758629322052, 0.9516539573669434, 0.9320706129074097, 0.9320895075798035, 0.938071072101593, 0.9504021406173706, 0.9370371103286743]",406.62262415885925,4.066226241588592,0.3181169141829014,0.3181169141829014,,,,,,,,,,,,,,,,,
1e-05,356.7240912914276,0.3567240912914276,0.24478853606432677,0.9167640209197998,0.9993687272071838,0.9968948364257812,0.8966511487960815,0.9152856469154358,0.9044262766838074,0.8924379348754883,0.9430475234985352,0.9430475234985352,0.9307644963264465,0.9461199641227722,0.9438978433609009,"[0.9344791769981384, 0.9082371592521667, 0.9148931503295898, 0.928777813911438, 0.9187538623809814, 0.9136255979537964, 0.9226016402244568, 0.9091792106628418, 0.931100606918335, 0.9114954471588135, 0.9264464974403381, 0.9116946458816528, 0.9037292003631592, 0.9110375642776489, 0.9218049049377441, 0.9003668427467346]","[0.9553806185722351, 0.9366265535354614, 0.9397059679031372, 0.9496504068374634, 0.9469168782234192, 0.9410667419433594, 0.9464467167854309, 0.9370731115341187, 0.9529255032539368, 0.9411330223083496, 0.9519084095954895, 0.9388888478279114, 0.9330846071243286, 0.9388324618339539, 0.948257327079773, 0.9308642148971558]",403.65281343460083,4.036528134346009,0.31708896562457084,0.31708896562457084,,,,,,,,,,,,,,,,,
1e-05,347.821325302124,0.347821325302124,0.23684141147881746,0.9169678092002869,0.9993727803230286,0.9968809485435486,0.8935019969940186,0.9165451526641846,0.9199089407920837,0.8925691843032837,0.9434530138969421,0.9434530138969421,0.9294935464859009,0.9469366073608398,0.9398038983345032,"[0.9271873235702515, 0.9071402549743652, 0.9115220904350281, 0.9294841289520264, 0.9216099381446838, 0.9222007989883423, 0.9263084530830383, 0.9113184809684753, 0.928007185459137, 0.9046252369880676, 0.9276860356330872, 0.9052191972732544, 0.9093886613845825, 0.9065598845481873, 0.9292191863059998, 0.9040085077285767]","[0.9509186744689941, 0.9349397420883179, 0.9385294914245605, 0.9510490298271179, 0.9490616917610168, 0.9464000463485718, 0.9500001072883606, 0.9378049969673157, 0.951595664024353, 0.9354680180549622, 0.9534351229667664, 0.934848427772522, 0.9375621676445007, 0.9362943768501282, 0.9522787928581238, 0.9350617527961731]",403.391135931015,4.03391135931015,0.3166135570406914,0.3166135570406914,,,,,,,,,,,,,,,,,
1e-05,346.6686065196991,0.3466686065196991,0.2356680979281664,0.918872058391571,0.9993695020675659,0.996149480342865,0.8998668193817139,0.9180171489715576,0.9144781231880188,0.8945900201797485,0.9456701278686523,0.9456701278686523,0.9323148727416992,0.9491701126098633,0.9364277124404907,"[0.9289793968200684, 0.9074397683143616, 0.9104501605033875, 0.9293355941772461, 0.9198735356330872, 0.9216253161430359, 0.9279647469520569, 0.917218029499054, 0.9300856590270996, 0.9087493419647217, 0.9321022629737854, 0.9045727849006653, 0.9130859375, 0.9110251069068909, 0.9328989386558533, 0.9065479040145874]","[0.9527559280395508, 0.9368675351142883, 0.938529372215271, 0.9531469345092773, 0.9490617513656616, 0.9485334157943726, 0.9517766237258911, 0.9431707262992859, 0.9526596069335938, 0.9369457960128784, 0.9559796452522278, 0.9348484873771667, 0.9422885179519653, 0.9408629536628723, 0.95576411485672, 0.9375308752059937]",404.9769456386566,4.049769456386566,0.3156698301434517,0.3156698301434517,,,,,,,,,,,,,,,,,
1e-05,349.75555062294006,0.34975555062294006,0.22733506230264902,0.916068971157074,0.9993717670440674,0.9968671798706055,0.8923022150993347,0.9160242080688477,0.900051474571228,0.8920224905014038,0.9427831768989563,0.9427831768989563,0.9320217370986938,0.9454182386398315,0.9459201097488403,"[0.9268526434898376, 0.9110445976257324, 0.9127090573310852, 0.9259064793586731, 0.908571183681488, 0.9172237515449524, 0.9219331741333008, 0.9106375575065613, 0.9306973814964294, 0.9113848805427551, 0.9252141714096069, 0.9026609659194946, 0.9124448895454407, 0.9083097577095032, 0.9255247712135315, 0.9059869647026062]","[0.9506561160087585, 0.9368674159049988, 0.9376470446586609, 0.9501165151596069, 0.9423592686653137, 0.944266676902771, 0.9469543695449829, 0.9395122528076172, 0.951595664024353, 0.9401477575302124, 0.9488550424575806, 0.9310606122016907, 0.9407960176467896, 0.9388325810432434, 0.9490616917610168, 0.9358024597167969]",402.2258367538452,4.022258367538452,0.31598169550299643,0.31598169550299643,,,,,,,,,,,,,,,,,
1e-05,350.7853226661682,0.3507853226661682,0.22108483397960663,0.9187389612197876,0.9993699789047241,0.9947985410690308,0.8960008025169373,0.9186736345291138,0.9188662171363831,0.8944395780563354,0.9453459978103638,0.9453459978103638,0.9321017265319824,0.9486501812934875,0.9474266171455383,"[0.9326650500297546, 0.9170216917991638, 0.9174690842628479, 0.9253541827201843, 0.9143020510673523, 0.9259681105613708, 0.9256587624549866, 0.9119158387184143, 0.9326702952384949, 0.9078690409660339, 0.9305059313774109, 0.9071407318115234, 0.9082061052322388, 0.909883975982666, 0.9280520081520081, 0.9051398634910583]","[0.9540683031082153, 0.9443373680114746, 0.9435294270515442, 0.9498834609985352, 0.9455764889717102, 0.9493333697319031, 0.9494924545288086, 0.9392682909965515, 0.9537234306335449, 0.9394088983535767, 0.954961895942688, 0.9345958828926086, 0.9388059377670288, 0.9398476481437683, 0.9538874626159668, 0.9348148107528687]",403.75471568107605,4.037547156810761,0.31478910475969313,0.31478910475969313,,,,,,,,,,,,,,,,,
1e-05,346.6040778160095,0.34660407781600955,0.21892919017374515,0.9180173277854919,0.999366819858551,0.9967870712280273,0.8962692022323608,0.9166510105133057,0.9293176531791687,0.8932056427001953,0.9440261721611023,0.9440261721611023,0.9327289462089539,0.9467574954032898,0.9493972659111023,"[0.9321365356445312, 0.9130481481552124, 0.9123426675796509, 0.9273537397384644, 0.9142420291900635, 0.9168533682823181, 0.9265996217727661, 0.9151180982589722, 0.9343060851097107, 0.9090665578842163, 0.9276390671730042, 0.90631103515625, 0.9076077938079834, 0.9140902161598206, 0.9260807633399963, 0.9054816961288452]","[0.9535433053970337, 0.9387952089309692, 0.9391177296638489, 0.9494172930717468, 0.9453083276748657, 0.9421333074569702, 0.9492385983467102, 0.9404878616333008, 0.9545212984085083, 0.9362069368362427, 0.9531806707382202, 0.9361110925674438, 0.9375621676445007, 0.9423858523368835, 0.9498659372329712, 0.9365431666374207]",402.641033411026,4.02641033411026,0.31757470935583115,0.31757470935583115,,,,,,,,,,,,,,,,,
1e-05,348.7726078033447,0.34877260780334474,0.21236666820943356,0.9194995760917664,0.9993672370910645,0.9967676401138306,0.9013081192970276,0.9181867241859436,0.9349179863929749,0.8950768709182739,0.9459942579269409,0.9459942579269409,0.9331059455871582,0.9490371942520142,0.9510037302970886,"[0.932362973690033, 0.9109542965888977, 0.9105689525604248, 0.9325648546218872, 0.9183168411254883, 0.9256845116615295, 0.9304096698760986, 0.9166502356529236, 0.931154727935791, 0.9059780836105347, 0.9325727820396423, 0.9080761671066284, 0.9085144400596619, 0.9085002541542053, 0.93275386095047, 0.9069313406944275]","[0.9556430578231812, 0.9380723237991333, 0.9379412531852722, 0.9557110071182251, 0.9506702423095703, 0.9493333697319031, 0.951015293598175, 0.942439079284668, 0.9550531506538391, 0.9371920824050903, 0.9564886093139648, 0.9363635778427124, 0.9383084177970886, 0.9388324618339539, 0.9563003778457642, 0.9365431666374207]",404.765743970871,4.0476574397087095,0.31697707548737525,0.31697707548737525,,,,,,,,,,,,,,,,,
1e-05,350.0687928199768,0.3500687928199768,0.20581870846450329,0.9206843376159668,0.9993718266487122,0.9959620833396912,0.8970051407814026,0.9197403788566589,0.8829832077026367,0.8960291147232056,0.9470324516296387,0.9470324516296387,0.9314824938774109,0.9507877230644226,0.9497512578964233,"[0.9392538070678711, 0.9135354161262512, 0.9100397825241089, 0.9289700388908386, 0.9277628660202026, 0.926750659942627, 0.9304214119911194, 0.9161549210548401, 0.9358991980552673, 0.9085281491279602, 0.9268877506256104, 0.9075602889060974, 0.9100461006164551, 0.9127887487411499, 0.9292412996292114, 0.9071098566055298]","[0.960629940032959, 0.9392770528793335, 0.9370588064193726, 0.952913761138916, 0.9549597501754761, 0.949866771697998, 0.9538071751594543, 0.9429268836975098, 0.9566489458084106, 0.9394088983535767, 0.9526718258857727, 0.9371212124824524, 0.9380596876144409, 0.9441624879837036, 0.9552279710769653, 0.9377778172492981]",406.390909910202,4.063909099102021,0.319653951972723,0.319653951972723,,,,,,,,,,,,,,,,,
1e-05,349.15147042274475,0.34915147042274475,0.202690074197948,0.9190593957901001,0.9993699789047241,0.9973694682121277,0.8961718082427979,0.9175500869750977,0.9380872249603271,0.8948604464530945,0.9458217620849609,0.9458217620849609,0.931464672088623,0.9493387341499329,0.9567395448684692,"[0.9316585659980774, 0.9107300639152527, 0.9080052971839905, 0.9260292649269104, 0.9169091582298279, 0.9263244271278381, 0.926211416721344, 0.9133673310279846, 0.9334118366241455, 0.9090050458908081, 0.9325805902481079, 0.9136025905609131, 0.9111490249633789, 0.9130431413650513, 0.9282277226448059, 0.9046953916549683]","[0.9532808065414429, 0.9383131861686707, 0.9358823895454407, 0.9510489702224731, 0.9504021406173706, 0.9496000409126282, 0.9477157592773438, 0.9412195086479187, 0.9561170339584351, 0.9411330223083496, 0.9557251930236816, 0.9416666030883789, 0.9405471682548523, 0.9426396489143372, 0.9525469541549683, 0.9353086352348328]",408.72629618644714,4.087262961864472,0.3209999033808708,0.3209999033808708,,,,,,,,,,,,,,,,,
1e-05,356.59337854385376,0.35659337854385376,0.19673248867690563,0.9199530482292175,0.9993733167648315,0.9961304068565369,0.898385226726532,0.920149028301239,0.9261395931243896,0.8954819440841675,0.946766197681427,0.946766197681427,0.9312289357185364,0.9504998326301575,0.9533283114433289,"[0.9327907562255859, 0.915282130241394, 0.9096713662147522, 0.926211953163147, 0.9226336479187012, 0.9223057627677917, 0.9321697354316711, 0.9124800562858582, 0.9353689551353455, 0.9090391993522644, 0.9349257349967957, 0.9045590758323669, 0.9091201424598694, 0.9140810966491699, 0.931424617767334, 0.9071849584579468]","[0.9564304351806641, 0.9431325793266296, 0.9373529553413391, 0.9510490298271179, 0.9533513188362122, 0.9474667310714722, 0.9543148279190063, 0.9387804269790649, 0.9563829302787781, 0.9403941035270691, 0.9590331315994263, 0.9353534579277039, 0.9385571479797363, 0.9436548948287964, 0.9552279710769653, 0.9377778172492981]",405.39965558052063,4.053996555805206,0.3200621935725212,0.3200621935725212,,,,,,,,,,,,,,,,,
1e-05,356.43998169898987,0.3564399816989899,0.19292610093206167,0.9225832223892212,0.9993715286254883,0.9955136775970459,0.8989618420600891,0.9229841232299805,0.9415073394775391,0.8973301649093628,0.9487660527229309,0.9487660527229309,0.933222770690918,0.9524409174919128,0.9645723104476929,"[0.9452346563339233, 0.911906361579895, 0.9113496541976929, 0.9276272058486938, 0.9221019744873047, 0.928023099899292, 0.9282796382904053, 0.9192773103713989, 0.9366623759269714, 0.9114160537719727, 0.9383714199066162, 0.9089856147766113, 0.9114318490028381, 0.9163336157798767, 0.9316745400428772, 0.912656307220459]","[0.9637795686721802, 0.940481960773468, 0.9405882954597473, 0.9524475336074829, 0.9520108103752136, 0.9541333913803101, 0.9522843360900879, 0.9446342587471008, 0.9569149017333984, 0.9403940439224243, 0.9605598449707031, 0.9388889074325562, 0.9402984380722046, 0.9454315304756165, 0.9546917080879211, 0.9427160024642944]",405.72631001472473,4.057263100147248,0.3172860583662987,0.3172860583662987,0.9203243255615234,0.9975247383117676,0.9953741431236267,0.8907649517059326,0.9233664274215698,0.8913828730583191,0.8888148069381714,0.9475248456001282,0.9475248456001282,0.9288989305496216,0.952083945274353,0.9434307217597961,"[0.9321269989013672, 0.9038610458374023, 0.9281249046325684, 0.9338064789772034, 0.9344233274459839, 0.9271982312202454, 0.9208143353462219, 0.919167160987854, 0.9309244155883789, 0.9100538492202759, 0.9334228038787842, 0.9100615978240967, 0.9061634540557861, 0.9091764688491821, 0.9284582138061523, 0.8974050879478455]","[0.9540681838989258, 0.9341084361076355, 0.9521368145942688, 0.9557104110717773, 0.9584614634513855, 0.9526718258857727, 0.9454544186592102, 0.9481182098388672, 0.9546340703964233, 0.9399026036262512, 0.9578680992126465, 0.9404522776603699, 0.9391705393791199, 0.9410797953605652, 0.9540669322013855, 0.9324936866760254]",407.1634738445282,4.071634738445282,0.32668916404247283
